{"cameraMode":{"drawMode":0,"name":"Shaded","section":"Shading Mode"},"sceneLighting":true,"audioPlay":false,"sceneViewState":{"m_AlwaysRefresh":false,"showFog":true,"showSkybox":true,"showFlares":true,"showImageEffects":true,"showParticleSystems":true,"showVisualEffectGraphs":true,"m_FxEnabled":true},"in2DMode":false,"pivot":{"x":1.4894771575927735,"y":0.4540316164493561,"z":-0.1168595552444458},"rotation":{"x":0.022176621481776239,"y":-0.03238889202475548,"z":-0.0007185468566603959,"w":-0.9992296099662781},"size":1.7660255432128907,"orthographic":false}